# Minnesota Localization Rules
# Jurisdiction: US-MN
# Parent: US
#
# Notes:
# - Keep this file focused on Minnesota-specific expansions and aliases.
# - Prefer single-token keys in "abbreviations" (token-based).
# - Use "agency_names" for multi-word aliases and canonical agency expansions.
# - Leave aggressive cleanup rules in the US base unless truly MN-specific.

jurisdiction: "US-MN"
parent: "US"
version: "1.0.0"
updated_timestamp: "2025-12-05T12:46:28Z"

abbreviations:
  # State agencies
  mndot: minnesota department of transportation
  mde: minnesota department of education
  mdh: minnesota department of health
  dnr: minnesota department of natural resources
  dps: minnesota department of public safety
  deed: minnesota department of employment and economic development
  mmb: minnesota management and budget
  mdva: minnesota department of veterans affairs
  mdhr: minnesota department of human rights
  mpca: minnesota pollution control agency
  mhfa: minnesota housing finance agency
  ohe: minnesota office of higher education

  # Metro / transit
  metc: metropolitan council
  metro: metropolitan council
  metrotransit: metro transit
  mpls: minneapolis

  # Schools
  mps: minneapolis public schools
  spps: saint paul public schools
  sppsd: saint paul public schools

  # Counties (token-based; multi-token county aliases should go in agency_names)
  hennepin: hennepin county
  ramsey: ramsey county
  dakota: dakota county
  anoka: anoka county
  washington: washington county
  scott: scott county
  carver: carver county

agency_names:
  # State identity
  state of minnesota: state of minnesota
  minnesota state: state of minnesota
  mn state: state of minnesota
  mn: state of minnesota

  # Cities
  city of minneapolis: city of minneapolis
  minneapolis: city of minneapolis
  city of st paul: city of saint paul
  city of saint paul: city of saint paul
  st paul: city of saint paul
  saint paul: city of saint paul

  # Counties (multi-word aliases)
  hennepin co: hennepin county
  ramsey co: ramsey county
  dakota co: dakota county
  anoka co: anoka county
  washington co: washington county
  scott co: scott county
  carver co: carver county

entity_types: {}

rules: []

stop_words: []

config_hash: "d9fa55fa3ec81d7aff041bf886d7bbcb85a9a7d93eb3681a20f7bad05ea1b5f1"
