Location ID,Name,Latitude,Longitude,State,Abbreviation,PM2.5 Sensor ID
1458,WYLAM,33.4997,-86.9242,Alabama,AL,2584
2934151,Carrington,33.65540899794542,-86.52298796115693,Alabama,AL,9842374
1671,MONTG,32.412811,-86.263394,Alabama,AL,2961
3049356,Huntsville,34.7608,-86.7184,Alabama,AL,10509706
295385,Duncanville Middle S,33.095379,-87.481507,Alabama,AL,2604494
5893636,Huntsville,34.75317809343832,-86.67573077923909,Alabama,AL,14197791
366,Shuttlesworth,33.565278,-86.796389,Alabama,AL,624
1334041,SEALS PARK,30.679,-88.046,Alabama,AL,
1103,HOOVER,33.3864,-86.8167,Alabama,AL,1979
1346,BAYROAD,30.4744,-88.1411,Alabama,AL,
1304,GADSDEN,33.991341,-85.992653,Alabama,AL,2340
2060,FAIRFIELD,33.4856,-86.915,Alabama,AL,
1722,TARRANT,33.5783,-86.7739,Alabama,AL,
2059,FAIRHOPE,30.4889,-87.8706,Alabama,AL,2509937
1077117,Crossville,34.288567,-85.969858,Alabama,AL,6282114
2047,DECATUR,34.5286,-86.9706,Alabama,AL,3645
6127232,Albert-1,34.295891956876346,-86.18723865547273,Alabama,AL,14611820
1111,HELENA,33.3169,-86.825,Alabama,AL,
1622,MCADORY,33.3311,-87.0036,Alabama,AL,2859
1655,Chickasaw,30.7697,-88.08750000000002,Alabama,AL,2930
1675,CORNER,33.8017,-86.9425,Alabama,AL,2966
2946476,Sand Mountain,34.289001,-85.970065,Alabama,AL,
713,DBT,32.4983,-86.1367,Alabama,AL,
1248,LEEDS,33.5453,-86.5492,Alabama,AL,25113
1894439,Lightwood,32.67157916453436,-86.34233608210839,Alabama,AL,7465968
293,Garden,61.205861,-149.8246,Alaska,AK,2187
848,Denali NPP,63.723301,-148.967499,Alaska,AK,
1012,Palmer,61.5989,-149.106216,Alaska,AK,1824
1016,Parkgate (Eagle Rive,61.3267,-149.569707,Alaska,AK,1830
1404,Floyd Dryden,58.388889,-134.565556,Alaska,AK,2509
1510,Hurst Road,64.762973,-147.310297,Alaska,AK,2666
1603,Butte (Harrison Cour,61.534163,-149.031655,Alaska,AK,2822
1880,NCore,64.8458,-147.72727,Alaska,AK,3330
5850,Palmer,61.599,-149.104,Alaska,AK,15892
7089,A Street,64.845931,-147.693278,Alaska,AK,20507
8670,Laurel,61.181117,-149.834,Alaska,AK,
2392565,Anchorage,61.21602613080743,-149.91040294494496,Alaska,AK,7822443
2866944,SouthLakeWood Hills,61.1202,-149.762,Alaska,AK,9370436
3080878,Porcupine Trail,61.086945,-149.82649,Alaska,AK,10747038
3184655,Downtown Juneau near Federal Building,58.30249,-134.41943,Alaska,AK,11083004
4526507,Rogers park,61.196026,-149.8574,Alaska,AK,13149824
5762882,PMC,61.52326,-149.08019,Alaska,AK,14101221
3400928,Florence,33.050865,-111.458527,Arizona,AZ,14153916
2823796,Irene Lopez,33.40401,-112.05683,Arizona,AZ,9048618
1702,Tangerine & Camino d,32.4253,-111.0669,Arizona,AZ,
617,Paul Spur Chemical L,31.3658,-109.7309,Arizona,AZ,
604,Hayden,33.006268,-110.786484,Arizona,AZ,
1366681,Terravita,33.793123,-111.939421,Arizona,AZ,6657887
1164,Green Valley,31.8794,-110.9964,Arizona,AZ,2090
1464,Fairgrounds,32.0475,-110.7739,Arizona,AZ,
7677,Unit0216,32.39677,-110.99704,Arizona,AZ,22314
2823992,Southwest Elementary,33.36297,-112.09326,Arizona,AZ,9050056
3336898,Broadway/Kolb,32.22177765792501,-110.837117828255,Arizona,AZ,11798694
1180,Grand Canyon NP,36.055,-112.1531,Arizona,AZ,
606,Miami Town Site,33.397433,-110.87445,Arizona,AZ,
483,Zuni Hills,33.686741,-112.294167,Arizona,AZ,
613,Miami Golf Course,33.419017,-110.829667,Arizona,AZ,
1034,Petrified Forest NP,34.822498,-109.891899,Arizona,AZ,
547,Cave Creek,33.8217,-112.0174,Arizona,AZ,
605,Phoenix JLG Supersit,33.503601,-112.095001,Arizona,AZ,1065
616,Nogales Post Office,31.337204,-110.936722,Arizona,AZ,1083
5356699,Lake of the Woods,34.165333,-109.988889,Arizona,AZ,13806877
2812700,Sagrado,33.38894,-112.07236,Arizona,AZ,8966971
1236003,"Marana, AZ",32.3344,-111.0524,Arizona,AZ,6530191
8866,Stanfield,32.881195,-111.961998,Arizona,AZ,
2812559,Paideia Learning Academy Parking Lot,33.3773,-112.05002,Arizona,AZ,8967059
1632,High School,33.507999,-111.837799,Arizona,AZ,
229,Caddo Valley,34.1795,-93.0988,Arkansas,AR,
921,EAGLEMT,34.4544,-94.1433,Arkansas,AR,
1130,ADEQ-DSR,34.6811,-92.3283,Arkansas,AR,2029
1438,Fayetteville,36.011703,-94.167436,Arkansas,AR,
1610,MARION,35.1967,-90.1911,Arkansas,AR,2841
1901,NLRAP,34.8306,-92.2594,Arkansas,AR,
2045,SPRNGDLE,36.1797,-94.1167,Arkansas,AR,5077856
2048,DEER,35.8325,-93.2192,Arkansas,AR,
2202,El Dorado,33.215,-92.6689,Arkansas,AR,3971
2242,PARR,34.7561,-92.2758,Arkansas,AR,4046
2052604,MARION,35.197156,-90.193178,Arkansas,AR,7641981
2052605,PARR,34.756058,-92.281034,Arkansas,AR,7641979
2052777,ADEQ-DSR,34.681156,-92.328501,Arkansas,AR,7642142
2052778,DEER,35.83265,-93.208081,Arkansas,AR,
2052779,NLRAP,34.835603,-92.260456,Arkansas,AR,
3338323,Tingler,36.4282914,-94.1945776,Arkansas,AR,11809287
5755933,Sonoma,36.36942073284864,-94.30080976474022,Arkansas,AR,14096512
4161183,Reach Academy ES,37.74727,-122.16181,California,CA,12866288
1008919,AWCCW9MM,37.9479887,-122.3647299,California,CA,1564329
4729773,Fairmead Community and Friends,37.083657,-120.196408,California,CA,13324601
355296,Torres Martinez Admi,33.561122,-116.153561,California,CA,
2608,Gonzales,36.512297,-121.665056,California,CA,5441
7794,MMFRA1001,39.396479,-121.143923,California,CA,22638
5891,GBUAPCD EBAM @ Bridg,38.257527,-119.218912,California,CA,15985
3261498,Healdsburg Swim Center,38.62383,-122.86793,California,CA,11281401
8705,Napa - Napa Valley C,38.278849,-122.275024,California,CA,25294
7147,MMCA82026,38.71386,-120.59137,California,CA,20582
229509,MMCA82021,38.545629,-119.478829,California,CA,1322019
1302,Atascadero,35.494555999999996,-120.666203,California,CA,2335
7129,MMCA81006,41.83907,-122.851138,California,CA,20557
947196,5986 - Palms ES,34.19444,-118.157795,California,CA,2000567
6121500,Planada Northwest Hwy 140,37.29416345701848,-120.32484321032958,California,CA,14568525
1929,Sequoia and Kings Ca,36.489399,-118.826897,California,CA,3409
7800,GBUAPCD EBAM @ Lone,36.61079,-118.055499,California,CA,22652
878,Davis - UCD Campus,38.53455,-121.7734,California,CA,1598
6004,GBUAPCD EBAM @ June,37.784278,-119.073343,California,CA,16265
947251,Dodson MS (8110),33.76602,-118.31559,California,CA,2000748
681167,Oso Flaco,35.009375,-120.601687,California,CA,
2851283,Lancaster,34.68459163139503,-118.18147122859956,California,CA,9253784
1533911,Unnamed (DTNWP2832 → AKJWNNMC),33.990160973399924,-118.27359658653585,California,CA,6896260
3205612,Richgrove Community Park & District Services,35.7986601,-119.1035209,California,CA,11134962
947331,7198 - Topanga Canyon,34.092149,-118.603933,California,CA,2000799
1265,La Casa NCORE - 4545,39.7794,-105.00523,Colorado,CO,2270
1404308,Towaoc,37.20006,-108.7331,Colorado,CO,
1001769,A0051F54,39.7811112,-104.9554681,Colorado,CO,2001291
3267809,Denver Animal Shelter,39.7148323,-105.0028305,Colorado,CO,11293976
5721187,Denver,39.72399,-104.97911,Colorado,CO,14072392
5412463,Parkdale Area,40.00584,-105.075302,Colorado,CO,14153423
3010524,Marine Street - CU Boulder,40.01389,-105.25762,Colorado,CO,10217482
3267805,Swansea Elementary,39.7809171,-104.9553654,Colorado,CO,11293948
272759,AHHQ76RH,39.751182,-104.987637,Colorado,CO,1564365
3179088,N Academy and Dublin,38.927337158278576,-104.78952012866344,Colorado,CO,11069557
601,Mesa Verde NP,37.1983,-108.4903,Colorado,CO,
272756,AKLZ678D,39.751182,-104.987633,Colorado,CO,1564353
3003007,Fossil Creek,40.48352,-105.01626,Colorado,CO,
1372,Fort Collins - CSU -,40.5764,-105.0794,Colorado,CO,
5899553,"Aurora, CO",39.5725759,-104.6807128,Colorado,CO,14202198
1371,Fort Collins - West,40.59254,-105.1411,Colorado,CO,
6398,Elk Springs,40.329253,-108.49423,Colorado,CO,
2903618,Arvada_LGA,39.827094,-105.126318,Colorado,CO,9645979
4842134,Runyon Elementary School,39.58603,-104.99785,Colorado,CO,13410573
3267800,Rachel B. Noel Campus,39.78834,-104.80018,Colorado,CO,11293959
2980722,FTW3,40.59293,-105.1414,Colorado,CO,10141091
3267796,Northeast Early,39.7760487,-104.8533121,Colorado,CO,11293947
983,Welby - 78th Ave. &,39.8392,-104.9489,Colorado,CO,
7072,Unit0269,38.979259,-105.353035,Colorado,CO,20481
8575,Evergreen,39.620408,-105.33872,Colorado,CO,
1969,Cornwall,41.833099,-73.303299,Connecticut,CT,3490
240,Waterbury,41.5503,-73.0442,Connecticut,CT,5077675
3132758,New Canaan CT,41.176332,-73.485086,Connecticut,CT,10957213
3218339,96 Riverside rd,41.4241325,-73.2586367,Connecticut,CT,11169817
1151,Groton,41.3536,-72.0789,Connecticut,CT,2066
1798,Middletown,41.5519,-72.6308,Connecticut,CT,
488,Abington,41.8402,-72.01,Connecticut,CT,
5347,Hartford-Village Gre,41.764836,-72.668228,Connecticut,CT,13987
8466,New Haven,41.301288,-72.902685,Connecticut,CT,25305
5900537,West Rd,41.8762,-72.9045,Connecticut,CT,14203469
1582,Bridgeport,41.171398,-73.195297,Connecticut,CT,2787
2231,East Hartford,41.7847,-72.6297,Connecticut,CT,4026
2936801,Botsford,41.36188,-73.26471,Connecticut,CT,9858524
5603146,Canterbury Turnpike ,41.552623,-72.084654,Connecticut,CT,13988445
4932782,,41.30124,-72.90281,Connecticut,CT,13490914
6115605,Nonnewaug HS,41.557924,-73.18958,Connecticut,CT,14524816
2161,Danbury,41.4014,-73.4447,Connecticut,CT,3885
2041,New Haven - Criscuol,41.3011,-72.9028,Connecticut,CT,3634
471,"Brown University, Ro",41.826099,-72.595001,Connecticut,CT,
5582752,Map,41.51581,-72.923128,Connecticut,CT,13973523
2151,Hartford,41.771444,-72.679923,Connecticut,CT,3866
1401,Westport,41.1189,-73.3369,Connecticut,CT,
7881,Middletown,41.55,-72.626,Connecticut,CT,
937,Bridgeport-Edison,41.195,-73.1635,Connecticut,CT,
831,Stafford,41.9756,-72.3867,Connecticut,CT,
3367754,K,39.73942,-75.5571,Delaware,DE,12017653
1149,KILLENS,38.986672,-75.5568,Delaware,DE,2062
1263,LUMS 2,39.5513,-75.732,Delaware,DE,25122
3409051,E,39.67888,-75.58614,Delaware,DE,12233192
2102,Rte 9 Del. City,39.57768,-75.6036,Delaware,DE,25604
3367748,N,39.57994,-75.68939,Delaware,DE,12017654
3409050,F,39.76358,-75.53067,Delaware,DE,12233200
1352,BCSP,39.817222,-75.563889,Delaware,DE,
3409052,G,39.62918,-75.69316,Delaware,DE,12233197
3409043,B,39.63487,-75.62273,Delaware,DE,12233199
3367751,R,39.61803,-75.64794,Delaware,DE,12017662
3409046,D,39.61031,-75.684,Delaware,DE,12233196
3367755,S,39.73095,-75.54421,Delaware,DE,12017659
3367752,T,39.72486,-75.61935,Delaware,DE,12017656
1427,LEWES,38.7791,-75.16323,Delaware,DE,
3409048,H,39.74196,-75.56633,Delaware,DE,12233194
1643,MLK,39.739444,-75.558056,Delaware,DE,2910
3367747,O,39.70665,-75.54816,Delaware,DE,12017657
3367750,P,39.72927,-75.54315,Delaware,DE,12017661
648561,RIVER ROAD PARK; BEL,39.7611,-75.4919,Delaware,DE,3564189
2082,SEAFORD,38.6539,-75.6106,Delaware,DE,3710
648516,Newark,39.691962,-75.761299,Delaware,DE,3563940
3409044,I,39.73942,-75.5571,Delaware,DE,12233193
3409049,C,39.73942,-75.5571,Delaware,DE,12233191
3409047,A,39.6196,-75.65409,Delaware,DE,12233201
691,DCNearRoad,38.894749,-76.953427,District of Columbia,DC,1188
739,McMillan Reservoir,38.921848,-77.013176,District of Columbia,DC,3123
1554,VERIZON,38.903824,-77.046127,District of Columbia,DC,
1704,TakomaRec,38.970101,-77.016715,District of Columbia,DC,
3371,RIVER_Terrace,38.895683,-76.958089,District of Columbia,DC,25532
6907,King Greenleaf Rec C,38.875161,-77.012816,District of Columbia,DC,19848
1423607,Dock79_90ft_S,38.8711024,-77.0064347,District of Columbia,DC,6742040
2675903,Bald Eagle,38.81853,-77.01039,District of Columbia,DC,8657751
2675904,Bald Eagle,38.81853,-77.01039,District of Columbia,DC,8661554
4527350,Trinidad,38.90378,-76.9879,District of Columbia,DC,13155782
7886,Perimeter,25.785472,-80.284206,Florida,FL,
1877,NCORE,26.054047,-80.257608,Florida,FL,3324
6061084,"Weston, FL",26.0864577,-80.4020482,Florida,FL,14320501
841,Perdue,25.586399,-80.326897,Florida,FL,
1990,Crystal River Preser,28.958372,-82.643094,Florida,FL,3526
3307284,North Coconut Creek,26.304485,-80.190525,Florida,FL,11587393
2812744,Sydney Station,27.96725,-82.23143,Florida,FL,8967377
3393618,Sulfur Springs Health Services,28.0281,-82.45177,Florida,FL,12150150
1008,Palatka,29.686667,-81.656389,Florida,FL,
1541,Blind Services; 1185,29.2069,-81.0531,Florida,FL,2719
1058,Port Manatee,27.6331,-82.5458,Florida,FL,
341,St. Marks Wildlife R,30.0842,-84.1617,Florida,FL,586
2019,San Antonio,28.3322,-82.3056,Florida,FL,
4254460,San Antonio,28.323639552788705,-82.3048930640075,Florida,FL,12925796
5837,Kendal,25.686944,-80.686944,Florida,FL,22859
2812570,Robles Park,27.97371,-82.45594,Florida,FL,8967031
2812624,Munro St Station,27.95523,-82.46956,Florida,FL,8967289
2058,FBHWWTP,30.6575,-81.464167,Florida,FL,
2190,Osceola Co. Fire Sta,28.3478,-81.6367,Florida,FL,11598541
1100,Jackson Road,27.0892,-82.3625,Florida,FL,1974
1548,Bonifay,30.8475,-85.6044,Florida,FL,2731
4856579,Miami,25.761681,-80.191788,Florida,FL,13427353
5902820,my air,27.902564,-81.558541,Florida,FL,14220066
1422,Fl. Baptist Children,28.0294,-81.9719,Florida,FL,2536
2855528,Outdoors Hialeah Estates,25.8584959,-80.2952983,Florida,FL,9285540
2214,Douglasville,33.7433,-84.7789,Georgia,GA,
1767,McDonough,33.4347,-84.1617,Georgia,GA,3118
516,Georgia Station,33.1787,-84.4052,Georgia,GA,
2172,Dawsonville,34.3778,-84.0561,Georgia,GA,
1559975,General Coffee,31.51309,-82.75027,Georgia,GA,6934623
8565,Gainesville,34.3003,-83.8139,Georgia,GA,24894
1732,Summerville,34.4742,-85.4081,Georgia,GA,
3135264,"McDonough, GA",33.512073,-84.18891,Georgia,GA,10962907
4982614,Lowe’s West Cobb,33.9516327,-84.6307847,Georgia,GA,13531437
6102395,Midtown Savannah,32.04187290396281,-81.09100535298253,Georgia,GA,14428657
1451,Warner Robins,32.6056,-83.5979,Georgia,GA,2574
1328,Yorkville,33.9283,-85.0453,Georgia,GA,2393
2919306,"Alpharetta GA, Cumming street",34.08403536984252,-84.27822869486486,Georgia,GA,9750714
2053,Newnan,33.4039,-84.7461,Georgia,GA,3652
981,Columbus Airport,32.5214,-84.9436,Georgia,GA,1773
1956,Conyers,33.5856,-84.0667,Georgia,GA,
2051343,Northlake Sr. Apts,33.84768402317071,-84.24563770426796,Georgia,GA,7640441
226149,Rossville-Williams S,34.9784,-85.2943,Georgia,GA,1306236
8877,Albany,31.5767,-84.1002,Georgia,GA,25904
1436,Leslie,31.9531,-84.0794,Georgia,GA,
1964,Savannah L&A,32.0903,-81.1306,Georgia,GA,3476
2111,Rome,34.26054,-85.32333,Georgia,GA,25589
1951,United Ave,33.7206,-84.3578,Georgia,GA,3453
1695,Macon Forestry,32.8031,-83.5447,Georgia,GA,3000
4385391,"Oakwwod, Georgia ",34.252893,-83.866518,Georgia,GA,13032659
1642457,BWS,20.9044,-156.68402,Hawaii,HI,7078228
1026,Pearl City,21.392834,-157.969131,Hawaii,HI,1851
1181,Kapolei,21.323601,-158.088593,Hawaii,HI,2123
1638713,Lahaina Civic Center,20.90447,-156.68384,Hawaii,HI,7071917
2884393,Opukea St,20.89992,-156.68121,Hawaii,HI,9501505
3703930,Honolulu,21.30758,-157.85542,Hawaii,HI,12475788
3039042,Opukea St,20.882938,-156.680252,Hawaii,HI,10432037
1529688,Kelawea Mauka Makai,20.88386,-156.66804,Hawaii,HI,6889893
1651398,Lahainaluna High Sch,20.8866,-156.65999,Hawaii,HI,7094856
6362,PAHOA HS,19.490972,-154.941472,Hawaii,HI,17817
1705196,Kelawea Mauka Makai,20.88371,-156.66827,Hawaii,HI,7197156
3039045,Opukea St,20.882938,-156.680252,Hawaii,HI,10432036
1643210,Lahaina Civic Center,20.90437,-156.68387,Hawaii,HI,7079604
2270,Puna E Station,19.4583,-154.8833,Hawaii,HI,
2884394,Opukea St,20.89992,-156.68121,Hawaii,HI,10431727
1765095,LEIALI'I,20.90046,-156.6816,Hawaii,HI,7305782
1779718,Lahaina Civic Center,20.90458,-156.68373,Hawaii,HI,7330025
1686590,Lahaina Civic Center,20.9046,-156.68393,Hawaii,HI,7163288
1535521,Lahaina BWS,20.88375,-156.66815,Hawaii,HI,6898221
1797536,Aa St,20.90055,-156.68143,Hawaii,HI,7354094
1527082,Kelawea Mauka Makai,20.88389,-156.66816,Hawaii,HI,6886206
1523486,Lahaina BWS,20.88375,-156.66815,Hawaii,HI,6881520
401517,Kailua-Kona,19.618158,-155.971242,Hawaii,HI,2235164
590,Hawaii Volcanoes NP,19.4308,-155.2578,Hawaii,HI,
231766,Waikoloa-21,19.977467,-155.798067,Hawaii,HI,1334058
1549,Boundary County,48.705551,-116.368965,Idaho,ID,2732
919,St. Lukes Meridian,43.600699000000006,-116.347853,Idaho,ID,3131
1446,Lewiston,46.408501,-116.991402,Idaho,ID,2569
1435,Weiser PM25,44.261694,-116.979172,Idaho,ID,2557
1546,Boise Eastman,43.616379,-116.203817,Idaho,ID,
1999,Sandpoint U of I,48.291821,-116.556557,Idaho,ID,3548
1774,St. Maries,47.3167,-116.570297,Idaho,ID,3130
379,Mt Hall,48.894014,-116.359419,Idaho,ID,662
1398,White Pine,43.577603,-116.178156,Idaho,ID,13419138
7179,Nursery Rd.,47.788908,-116.804539,Idaho,ID,20697
8803,Salmon PM2.5,45.181907,-113.890285,Idaho,ID,25664
1547,Boise Fire Station,43.618889,-116.213611,Idaho,ID,
8631,Idaho Falls PM2.5,43.464696,-112.046503,Idaho,ID,25058
1715,Idaho Falls / Penfor,43.4683,-112.053101,Idaho,ID,3033
2133,Rexburg PM25,43.809486,-111.800475,Idaho,ID,3830
1048,Plummer CDA Tribe,47.3386,-116.885902,Idaho,ID,1882
1836,Moscow,46.728199,-116.954597,Idaho,ID,3248
2029,Salmon PM2.5,45.178699,-113.892998,Idaho,ID,3608
3010310,Yanke,43.5991695,-116.1839067,Idaho,ID,10215906
1219,Garden Valley,44.104498,-115.972386,Idaho,ID,2186
599,Soda Springs SO2,42.695301,-111.593903,Idaho,ID,
922198,Sandpoint,48.272,-116.569,Idaho,ID,5085755
1317,Lapwai,46.3972,-116.8062,Idaho,ID,2378
957,Pocatello STP,42.916401,-112.5158,Idaho,ID,
3002713,St. Lukes Meridian Collocation 2,43.6007,-116.34785,Idaho,ID,10159184
4609260,Avalon Park,41.7441079,-87.5939035,Illinois,IL,13230357
1407,West Union,39.210883,-87.668416,Illinois,IL,
4139028,Summit,41.78276,-87.80537,Illinois,IL,12856503
5661748,"Geneva IL, West Side",41.87511512779969,-88.34727413329092,Illinois,IL,14030677
4645153,South Loop,41.865,-87.622,Illinois,IL,13760569
1153,ALSIP,41.6708,-87.7325,Illinois,IL,2070
1856,Cicero Liberty,41.864329,-87.748826,Illinois,IL,3277
8486,Alton,38.901316,-90.146211,Illinois,IL,10680300
1414,BRAIDWD,41.2222,-88.1906,Illinois,IL,2525
2246,PEORIA_F,40.6869,-89.6072,Illinois,IL,
1231,Granite City Fire St,38.7045,-90.1397,Illinois,IL,2211
3560429,Nettelhorst,41.9418081,-87.6445189,Illinois,IL,12360076
8638,Joliet,41.526885,-88.116474,Illinois,IL,25074
996,QUINCY,39.9175,-91.3358,Illinois,IL,
1101,HOUSTON,38.1761,-89.7883,Illinois,IL,24919
1236061,AETHER,40.5031581,-89.0181872,Illinois,IL,6530314
6132204,East Wilmette,42.0789586,-87.6947094,Illinois,IL,14648427
5684692,Park View,41.8487698,-88.0617588,Illinois,IL,14047035
8555,Naperville,41.7714,-88.1522,Illinois,IL,24855
8650,Kingery Near-road #1,41.578603,-87.557392,Illinois,IL,25094
1614,MARYVILL,38.7267,-89.959198,Illinois,IL,
2228,East St. Louis,38.611893,-90.160614,Illinois,IL,4021
1370216,"West Albany Park, Chicago",41.962434,-87.737472,Illinois,IL,"6664821, 7979186"
6096650,Westmont,41.7696731,-87.9842609,Illinois,IL,14386125
3069356,Fairfield Avenue,41.92650874937315,-87.69594397165164,Illinois,IL,10659980
2926413,South Central Indiana,38.97855440605475,-86.69049550718718,Indiana,IN,9794773
921092,Albany,40.3,-85.245556,Indiana,IN,
7407,Michigan City-4th St,41.717762,-86.907786,Indiana,IN,
2258,Indpls-W.18th St,39.788889,-86.214722,Indiana,IN,4066
226,Elkhart-Prairie St.,41.657155,-85.968446,Indiana,IN,369
2908861,"Clarksville, IN",38.320229,-85.779915,Indiana,IN,9683132
1245,Albany,40.300385,-85.245862,Indiana,IN,
921150,New Albany,38.3081,-85.8342,Indiana,IN,
921136,Leopold,38.1131,-86.6036,Indiana,IN,
921152,Ogden Dunes,41.6175,-87.1992,Indiana,IN,
921133,LaPorte-E. Lincolnwa,41.6292,-86.6847,Indiana,IN,
4010839,Windsor Park,39.7843528,-86.1321993,Indiana,IN,12741274
224,Fort Wayne-Beacon St,41.094965,-85.101816,Indiana,IN,367
5412464,Little Flower,39.782483,-86.090561,Indiana,IN,13846374
1819358,Ft Wayne - Coliseum,41.08184,-85.08834,Indiana,IN,7381506
3243700,CRS,38.0926232,-87.2463624,Indiana,IN,11236901
232844,East Chicago - Marin,41.653446,-87.435435,Indiana,IN,1339994
4209582,Evansville-Oak Hill,37.98852,-87.53141,Indiana,IN,12894897
1819,Charlestown State Pa,38.393823,-85.664118,Indiana,IN,
1236077,Fort Wayne - Lakewood Park,41.02414061589062,-85.16719005813898,Indiana,IN,6530347
560579,Mechanicsburg,40.009544,-85.52347,Indiana,IN,3114488
921157,Portage-Hwy 12,41.6167,-87.1458,Indiana,IN,
2175,Dayville,37.954444,-87.321667,Indiana,IN,
829,Granger-Beckley St.,41.754722,-86.11,Indiana,IN,
2065,Evansville-Lloyd,37.97768,-87.596836,Indiana,IN,
2525244,"Ankeny, Iowa",41.73179680182682,-93.600497484729,Iowa,IA,7974928
28672,Iowa City- Hoover Sc,41.658195,-91.503471,Iowa,IA,5077920
1619,CARPENTER,41.6031,-93.643303,Iowa,IA,2854
4212514,West Des Moines,41.5754,-93.8259,Iowa,IA,12896603
2052,SLATER,41.8829,-93.6879,Iowa,IA,
908,Viking Lake State Pa,40.970001,-95.044998,Iowa,IA,5077616
1912,"Clinton, Rainbow Par",41.875,-90.177498,Iowa,IA,3383
2498741,Stone State Park,42.555,-96.463,Iowa,IA,
1445,"Waterloo, Water Towe",42.5014,-92.315804,Iowa,IA,2568
454920,PUBLIC WORKS,41.667032,-93.599221,Iowa,IA,2550886
4957466,"Ft. Dodge, Day Park",42.505,-94.177,Iowa,IA,13510800
1942,Scott County Park,41.6992,-90.521896,Iowa,IA,
932,Lake Sugema,40.693298,-92.006104,Iowa,IA,1702
1596,Buffalo,41.467201,-90.688301,Iowa,IA,
1441,"Waverly, Airport",42.743099,-92.5131,Iowa,IA,
1150,KIRKWOOD,41.910599,-91.651901,Iowa,IA,
5977705,EAST HIGH,41.59975,-93.5995,Iowa,IA,14260129
1845,"Muscatine, High Scho",41.4014,-91.0684,Iowa,IA,3262
1044,"Pisgah, Harrison Cou",41.668098,-95.9431,Iowa,IA,
1844,"Muscatine, Greenwood",41.419201,-91.070801,Iowa,IA,
28674,"Iowa City, Hoover Sc",41.658195,-91.503471,Iowa,IA,5077775
1457345,Waukee,41.595721,-93.875731,Iowa,IA,6786144
2182,"Emmetsburg, ILCC",43.123299,-94.693298,Iowa,IA,3924
40358,PUBLIC HEALTH,41.9767,-91.6878,Iowa,IA,1183611
1665,COGGON,42.2806,-91.5269,Iowa,IA,
1377,Leavenworth-U.S. Pen,39.3275,-94.9513,Kansas,KS,
1446990,Scott,39.08913638613766,-94.63433659218812,Kansas,KS,6769768
1155,KNI-Topeka,39.0242,-95.71139999999998,Kansas,KS,25081
1467,WHlthDpt,37.7011,-97.3139,Kansas,KS,25967
1378098,The Hub,39.073605,-94.671704,Kansas,KS,6678849
1934,Sedgwick,37.897499,-97.492073,Kansas,KS,
1447359,Genesis,39.088091678237,-94.63371125064836,Kansas,KS,6770487
1783,Cedar Bluff,38.7703,-99.7636,Kansas,KS,3147
4772383,Haskell Indian Natio,38.9349,-95.23086,Kansas,KS,
1378100,Zoom,39.110499,-94.709355,Kansas,KS,6678850
1144,K96 & Hydraulic,37.7472,-97.3164,Kansas,KS,
1370245,Silver,39.07216275735603,-94.67563588299365,Kansas,KS,6664827
6129037,KS-OLT-66062,38.88136684156813,-94.77096553943788,Kansas,KS,14624946
3221873,StreetSci-Deerfield,38.98043,-95.27074,Kansas,KS,11179258
1024,Pawnee & Glenn,37.6511,-97.3622,Kansas,KS,
1504020,Galvan,39.06175,-94.6725,Kansas,KS,6856988
1816,Chanute,37.67696,-95.47594,Kansas,KS,5077798
1665278,Silver,39.072297164320545,-94.67557779796957,Kansas,KS,7121234
1472415,Nebraska,39.11845476729312,-94.67431234505864,Kansas,KS,6810984
1318519,El Centro,39.115597,-94.626415,Kansas,KS,6613840
2525075,Nearman Hills,39.15502866536697,-94.72195280388178,Kansas,KS,7974838
1684,Heritage Park,38.8386,-94.7464,Kansas,KS,24931
1318685,Argentine,39.077694,-94.66925,Kansas,KS,6614244
1235984,,39.05888083354871,-94.683951130639,Kansas,KS,6530162
2210,Dodge City,37.7667,-100.0333,Kansas,KS,7496248
2031,FIVCO,38.4592,-82.6339,Kentucky,KY,5077834
715,Mammoth Cave NP,37.1314,-86.1481,Kentucky,KY,1240
1749,Cannons Lane,38.2286,-85.6544,Kentucky,KY,3091
457,Crockett,37.9214,-83.0662,Kentucky,KY,
367410,Smiths Grove,37.04926,-86.21487,Kentucky,KY,2071336
11569,SPARTAN - Mammoth Cave,37.132,-86.148,Kentucky,KY,39286
6099216,"Crestwood, KY",38.3235441,-85.4726215,Kentucky,KY,14404949
1254,LEWISPOR,37.9389,-86.8969,Kentucky,KY,
7575,Paducah Transit,37.08725,-88.60802,Kentucky,KY,21970
1098,JPRECC,37.0581,-88.5725,Kentucky,KY,25069
5352886,Maupin Elementary,38.23644,-85.80241,Kentucky,KY,13804135
3318285,Owensboro,37.77167,-87.05581,Kentucky,KY,11668875
2050,SOMERST,37.097801,-84.611702,Kentucky,KY,1184925
5727630,Near Road ,38.19365,-85.71195,Kentucky,KY,14076758
944,BUCKNER,38.3986,-85.4433,Kentucky,KY,
950,SMITHLD,37.1556,-88.3931,Kentucky,KY,
5272404,Algonquin Parkway 1,38.23164,-85.82693,Kentucky,KY,13744037
8795,Carrithers Middle Sc,38.1825,-85.57440000000001,Kentucky,KY,25642
1897,NICHVILL,37.8933,-84.5892,Kentucky,KY,12142069
1112,HAZ2,37.2831,-83.2203,Kentucky,KY,1993
12025,Sebree,37.654381,-87.511427,Kentucky,KY,
973,NEWTWN,38.065,-84.5,Kentucky,KY,1760
1460,WORTH2002,38.5483,-82.7317,Kentucky,KY,
367406,Hopkinsville,36.911667,-87.323608,Kentucky,KY,2071340
2028347,White Blossom,38.295,-85.571,Kentucky,KY,7614134
872,Chalmette Vista,29.9431,-89.9761,Louisiana,LA,1575
1497,Bayou Plaquemine,30.2211,-91.3153,Louisiana,LA,
1260,LSU,30.4197,-91.1819,Louisiana,LA,
1197,Kenner,30.0411,-90.2728,Louisiana,LA,2145
765,St. Martinville,30.008887,-91.869595,Louisiana,LA,
2226,Dutchtown,30.2294,-90.9656,Louisiana,LA,
1824,Monroe,32.509701,-92.046097,Louisiana,LA,
5676346,"Metairie, LA",30.0169,-90.1884,Louisiana,LA,14042517
1758,Carlyss,30.1433,-93.3719,Louisiana,LA,
6054371,Moncus Park,30.201812,-92.037085,Louisiana,LA,14315561
1913,Shreveport Airport,32.5364,-93.7492,Louisiana,LA,3384
1600493,I-610 New Orleans Ne,29.996013,-90.11819,Louisiana,LA,7004230
2208,Dixie,32.6833,-93.8617,Louisiana,LA,
1754,Capitol,30.4622,-91.1769,Louisiana,LA,3101
1217,Garyville,30.0494,-90.6367,Louisiana,LA,
1501,Vinton,30.2278,-93.5797,Louisiana,LA,
1054,Port Allen,30.5019,-91.2111,Louisiana,LA,
1403,Westlake,30.2625,-93.285,Louisiana,LA,2508
1699,Madisonville,30.4293,-90.1997,Louisiana,LA,3005
1955,Convent,29.995,-90.8172,Louisiana,LA,
1688,Thibodaux,29.7639,-90.7653,Louisiana,LA,2985
1790,Meraux,29.940001,-89.919998,Louisiana,LA,
1762,Carville,30.1975,-91.1283,Louisiana,LA,
2043,New Roads,30.6817,-91.3661,Louisiana,LA,
1279,Lafayette,30.2258,-92.042801,Louisiana,LA,2290
1448,Lewiston,44.089355,-70.214134,Maine,ME,2571
1083851,Portland Tukey's Bri,43.678,-70.2561,Maine,ME,6294694
839,DURHAM,43.974449,-70.124893,Maine,ME,
2812609,Portland Ocean Gateway – ME DEP,43.65997,-70.247,Maine,ME,8967335
1636,MICMAC,46.69639999999999,-68.033096,Maine,ME,2892
1923,Shapleigh Ball Park,43.58889,-70.877342,Maine,ME,
1552,Holden,44.736465,-68.671143,Maine,ME,
11601,Jonesport Coast Guar,44.52765,-67.6155,Maine,ME,39400
2906641,Lewiston (ME DEP - LCKP),44.08976,-70.21443,Maine,ME,10141025
960,Carrabassett Valley,45.08029,-70.211887,Maine,ME,1746
1411,West Buxton,43.656765,-70.629135,Maine,ME,
4818344,Belfast,44.4295104,-69.0138642,Maine,ME,14152920
430,Penobscot Nation,44.952,-68.6477,Maine,ME,
1480,Bangor KPS,44.798859,-68.769676,Maine,ME,2620
1483,Bar Harbor - Cadilla,44.351665,-68.227219,Maine,ME,
1129,Jonesport,44.531883,-67.595879,Maine,ME,
2100,Rumford,44.5514,-70.5463,Maine,ME,3779
315278,Popham Beach SP,43.736277,-69.797654,Maine,ME,
497,Howland Ameriflux,45.203963,-68.740041,Maine,ME,
5625672,McGrath Pond,44.5445,-69.7679,Maine,ME,14004941
5446380,SMaine,43.720195,-70.38698,Maine,ME,13871287
1944573,Sugarloaf,45.067906,-70.3266855,Maine,ME,7521847
1896,Sipayik-ME,44.9636,-67.060799,Maine,ME,3357
1209783,Augusta LSS,44.3123,-69.7867,Maine,ME,6507084
2906640,Presque Isle Downtown (ME DEP - PIRS),46.68231,-68.01611,Maine,ME,10141079
3297005,Baltimore (Fells Point),39.288656,-76.588412,Maryland,MD,11510658
5694131,Near Little Bennett Park,39.288775,-77.29142,Maryland,MD,14053898
2812623,"Hydes, MD",39.48502,-76.46168,Maryland,MD,8967439
270826,Lake Montebello,39.33746,-76.58905,Maryland,MD,1562414
2164,Oldtown,39.2981,-76.604698,Maryland,MD,3890
5740,Bean,39.483617,-79.026383,Maryland,MD,
8742,Pocomoke City,38.013875,-75.545666,Maryland,MD,25499
7634,Moran,39.4864,-79.0638,Maryland,MD,
1318,Furley,39.333099,-76.550003,Maryland,MD,
438,Blackwater NWR,38.445,-76.1114,Maryland,MD,
1738,Calvert,38.536722,-76.617194,Maryland,MD,
1236065,"Ellicott City, MD",39.2568386,-76.8238963,Maryland,MD,6530308
2252,PG Equestrian Center,38.812069,-76.744186,Maryland,MD,
1003,Padonia,39.462002,-76.631599,Maryland,MD,1807
1081,Hagerstown,39.565601,-77.721901,Maryland,MD,1934
4892078,"Frederick, MD - intersection of Holden and Lindley",39.42524,-77.39408,Maryland,MD,14153015
3112252,Parkville,39.39900406930269,-76.53033041397492,Maryland,MD,10908538
1871,Southern Maryland,38.5042,-76.811897,Maryland,MD,
5967,Downs Park,39.109951,-76.433073,Maryland,MD,
2978434,NASA GSFC 1,38.9925,-76.83983,Maryland,MD,10141052
1236068,Back Yard,38.997085126406006,-76.91421427114473,Maryland,MD,6530315
1235970,Severn,39.12406,-76.70745,Maryland,MD,6530110
2117,Rockville,39.114399,-77.106903,Maryland,MD,3804
4660038,Harmel,39.1979146,-76.895228,Maryland,MD,13270624
7637,Princess Anne,38.176541,-75.701489,Maryland,MD,22213
3339950,Jamaica Plain,42.311344,-71.109269,Massachusetts,MA,11821904
508,Worcester,42.2742,-71.8758,Massachusetts,MA,
3312271,Lenox Ave - Breathe Easy Berkshires,42.46657,-73.24792,Massachusetts,MA,11623937
396,Boston - North End,42.3631,-71.0542,Massachusetts,MA,688
4936305,Spring Hill,42.388606,-71.1094108,Massachusetts,MA,14153060
559,Fall River,41.6833,-71.169701,Massachusetts,MA,977
5179639,Roxbury Intersection,42.33126,-71.0946,Massachusetts,MA,13675965
921156,PittsfieldES,42.453035,-73.238776,Massachusetts,MA,5079755
2812772,694 Merrill Road - Breathe Easy Berkshires,42.46803,-73.20072,Massachusetts,MA,8966935
3532532,New Ashford,42.592264,-73.247175,Massachusetts,MA,14152450
4982613,"Newton/Watertown, MA",42.359831,-71.189191,Massachusetts,MA,13531432
41167,LYNN,42.474701,-70.971901,Massachusetts,MA,5077883
3141022,"Dalton, Massachusetts ",42.4739148,-73.171132,Massachusetts,MA,10976416
2812816,Park/Lawrence,42.71653,-71.16605,Massachusetts,MA,8967033
538,TRURO,41.9756,-70.0239,Massachusetts,MA,
2812692,Habitat for Humanity - Breathe Easy Berkshires,42.45301,-73.26174,Massachusetts,MA,8967209
41325,LYNN,42.474701,-70.971901,Massachusetts,MA,1331120
362,CHICOPEE,42.194401,-72.555603,Massachusetts,MA,25702
2812747,Morningside Community School - Breathe Easy Berkshires,42.45658,-73.2441,Massachusetts,MA,8967309
2993355,HaverhillHS,42.78479,-71.10702,Massachusetts,MA,10115373
41168,LYNN,42.474701,-70.971901,Massachusetts,MA,6222438
3311202,Gilman Square,42.3886,-71.09762,Massachusetts,MA,11615859
1276772,"Bedford, MA",42.48596963798871,-71.27642659538597,Massachusetts,MA,6556234
1915647,James Street @ Philemon Street,42.435109,-71.180652,Massachusetts,MA,"7489154, 7978310"
1365107,Penn's Hill,42.23590863598297,-70.99787770094417,Massachusetts,MA,6655237
8873,Ann Arbor,42.4164,-83.9019,Michigan,MI,
4518071,"Grand Rapids, Michigan",42.926944,-85.66275,Michigan,MI,13140182
5206750,W. Vernor & Clark - Vamanos!,42.320028,-83.096759,Michigan,MI,13696244
2820861,Negaunee TWP,46.51793,-87.52125,Michigan,MI,9026350
2124,Oak Park,42.4631,-83.183296,Michigan,MI,11522336
1226,Grand Rapids,42.984699,-85.67109700000002,Michigan,MI,2197
719,LIVONIA NEAR ROAD,42.421494,-83.425168,Michigan,MI,13992
2084,Scottville,43.9533,-86.2944,Michigan,MI,
7002,Detroit-Military Par,42.312078,-83.103469,Michigan,MI,5077836
1475,Warren,42.5467,-83.0061,Michigan,MI,
284,Hoxeyville,44.180901,-85.738998,Michigan,MI,
5209626,Clark & Brandon,42.32383619320299,-83.09911796511453,Michigan,MI,14152830
2152970,Livonia-Near Roadway,42.39357,-83.43195,Michigan,MI,
5209156,Michigan & Junction,42.33098925396203,-83.11209497565588,Michigan,MI,14153085
2668237,,42.75748103327158,-83.25974757353606,Michigan,MI,8640590
5186042,S Campbell Rd & E 3rd St,42.48918396473178,-83.12438805508789,Michigan,MI,14153303
3069350,Genoa Township,42.554872,-83.854917,Michigan,MI,10660021
3445,WEST OLIVE,42.923742,-86.196508,Michigan,MI,
7001,Detroit-DP4th,42.312158,-83.091943,Michigan,MI,20275
2847612,"Green Oak, MI",42.49329066432857,-83.69825400336421,Michigan,MI,9226378
5167049,Wastewater Treatment Plant,42.26988,-83.6632,Michigan,MI,13667131
5167053,Buhr Park,42.24609,-83.71161,Michigan,MI,13667129
1235988,KMIATLAN2,47.131,-88.692,Michigan,MI,6530152
7003,Lansing,42.76138,-84.562867,Michigan,MI,20287
4967263,Ormond Rd and Grass Lake Rd,42.6650474,-83.5522357,Michigan,MI,14153821
3341316,Bde Maka Ska Area,44.945436389046975,-93.32574559141476,Minnesota,MN,11832443
5076089,Minnehaha Creek/Lake Harriet,44.908961539536165,-93.30451824132496,Minnesota,MN,13602021
1807,Minneapolis - Downto,44.979,-93.2737,Minnesota,MN,
2195,Detroit Lakes,46.8511,-95.8467,Minnesota,MN,3958
5695598,"Falcon Heights, MN",44.99477591192958,-93.15708909089597,Minnesota,MN,14153663
2588329,Red Lake Nation DNR,47.87965,-95.01662,Minnesota,MN,
3243906,"Golden Valley, MN",45.006538,-93.381588,Minnesota,MN,11237533
2816166,"Medina, MN",45.03640409470957,-93.6356627059884,Minnesota,MN,8990686
1773,St. Michael,45.2108,-93.6686,Minnesota,MN,3128
923,West Duluth,46.743889,-92.166946,Minnesota,MN,1692
5275177,Summit-University,44.95053,-93.12076,Minnesota,MN,13746837
5160360,Rosemount,44.74883,-93.108661,Minnesota,MN,13662833
1772,St. Paul - Downtown,44.9507,-93.0985,Minnesota,MN,
1570,Brainerd,46.3944,-94.1433,Minnesota,MN,2763
2853152,"Elko New Market, MN",44.568465,-93.310447,Minnesota,MN,9267698
2157,Red Lake Nation Hosp,47.878159,-95.029172,Minnesota,MN,3875
8674,Leech Lake Nation: C,47.38443,-94.60166,Minnesota,MN,25160
1771,St. Paul-Harding H.S,44.9594,-93.0356,Minnesota,MN,3126
1745,Marshall,44.4572,-95.835,Minnesota,MN,3080
5858,Minneapolis - Bottin,45.013611,-93.272049,Minnesota,MN,15906
5016763,Northeast Minneapolis,45.01139128013789,-93.2409966544538,Minnesota,MN,14152925
4644619,SAP North,44.98585,-93.19248,Minnesota,MN,13259156
1760,Stanton,44.471901,-93.013298,Minnesota,MN,
6111119,Lake Lena,46.01156,-92.47841,Minnesota,MN,14492598
3147357,Wheeler Park,44.172889,-94.020199,Minnesota,MN,10991775
326,Jackson NCORE,32.329042,-90.182659,Mississippi,MS,553
1110,HERNANDO,34.8275,-89.9889,Mississippi,MS,1989
1229,GPORT YC,30.390123,-89.049746,Mississippi,MS,2204
1471,WAVELAND,30.300917,-89.395954,Mississippi,MS,23096
1611,Hinds CC,32.346734,-90.225762,Mississippi,MS,2840
1633,MERIDIAN,32.364345,-88.73145,Mississippi,MS,
1664,CLEVELAND,33.7556,-90.7275,Mississippi,MS,
1711,TUPELOAP,34.264849,-88.766842,Mississippi,MS,
2095,Hattiesburg,31.323995,-89.292219,Mississippi,MS,3757
2243,PASCAGOULA,30.378054,-88.533876,Mississippi,MS,23100
8077,HERNANDO,34.820633,-89.987782,Mississippi,MS,24917
8078,CLEVELAND,33.750833,-90.734167,Mississippi,MS,25701
8770,Coffeeville,34.0026,-89.799,Mississippi,MS,
2134224,"Fondren, Jackson, MS",32.341889677146874,-90.16096703615815,Mississippi,MS,7738394
6128225,Cary Baptist Church Location,32.80562,-90.92758,Mississippi,MS,14618933
6128226,Participant 2,32.80932,-90.92229,Mississippi,MS,14618935
6128227,Participant 1,32.80833,-90.92263,Mississippi,MS,14618936
6128228,Cary Christian Center,32.80421,-90.92343,Mississippi,MS,14618934
249,Farrar,37.701893,-89.697655,Missouri,MO,
6132715,Suson Park,38.46882181287232,-90.39019167420668,Missouri,MO,14652284
30692,Blair Street,38.656449,-90.198548,Missouri,MO,1330102
247,CARTHAGE,37.198286,-94.317246,Missouri,MO,
246,Hillcrest HS,37.256136,-93.299886,Missouri,MO,413
1434835,Indian Mound - RiSE StreetScience,39.114996137764955,-94.52836921485545,Missouri,MO,6757632
1002,Pacific,38.4902,-90.7052,Missouri,MO,
1755,Maryland Heights,38.7109,-90.4759,Missouri,MO,
262,NWBLMFLD,38.706,-92.093,Missouri,MO,
2988255,Main Street Ofallon MO,38.8249021,-90.6996894,Missouri,MO,10098218
1545,Blue Ridge I-70,39.047911,-94.450513,Missouri,MO,2726
261,Rocky Creek,39.331913,-94.580841,Missouri,MO,
2513830,Chillers,38.947785,-92.32287539,Missouri,MO,7967257
2055,Finger Lakes SP,39.07803,-92.316322,Missouri,MO,
1469,West Alton,38.8725,-90.226389,Missouri,MO,
2264,RG_SOUTH,38.75976,-94.57997,Missouri,MO,4079
3847230,"Oakville, MO Residential Area",38.469868546570254,-90.32287224757243,Missouri,MO,14152565
1747149,St. Louis,38.50673061970815,-90.38331521355263,Missouri,MO,7270053
2836231,Collins,39.09514183091654,-94.52094011692796,Missouri,MO,9142329
1447361,Troost,39.10460925053348,-94.57041708797465,Missouri,MO,6770508
263,Watkins Mill State P,39.407452,-94.265373,Missouri,MO,
238,Maryland Heights,38.7108,-90.4758,Missouri,MO,
9356,RG_South,38.75961,-94.57983,Missouri,MO,28567
1976,New Bloomfield,38.70608,-92.09308,Missouri,MO,
1626,Hillcrest HS,37.256069,-93.299692,Missouri,MO,2867
511,Whitefish,48.400523,-114.335973,Montana,MT,
433,Polson-MT,47.6925,-114.0122,Montana,MT,
500,Frenchtown,47.012907,-114.224273,Montana,MT,859
270809,Bear Gulch,46.578568,-112.079772,Montana,MT,1562376
8748,Cut Bank,48.607406,-112.363842,Montana,MT,5077592
921010,Havre,48.540373,-109.684432,Montana,MT,5077690
465,Broadus EBAM,45.44029,-105.37028,Montana,MT,805
3309709,Northside Pedestrian Bridge monitor A,46.879080544368485,-113.99672351144488,Montana,MT,11605059
6903,Unit153,48.971073,-115.194908,Montana,MT,19842
921013,Miles City,46.411444,-105.812694,Montana,MT,5077844
1494583,Choteau,47.820308,-112.19363,Montana,MT,6844880
3031445,"Rose Park, Missoula",46.856686,-114.005259,Montana,MT,10374727
3088236,Glasgow EBAM,48.21181,-106.64155,Montana,MT,10802824
3309706,Northside Pedestrian Bridge monitor B,46.879119504061265,-113.99667523168692,Montana,MT,11605031
8834,Sidney,47.8679,-104.676864,Montana,MT,25759
5085,Rainy Lake,47.347397,-113.589791,Montana,MT,13097
512,Sleeping Giant,46.8505,-111.987164,Montana,MT,881
8829,Billings Coburn Rd,45.786579,-108.45878,Montana,MT,
469,Hamilton,46.243621,-114.158889,Montana,MT,811
5082,Dillon,45.206448,-112.642518,Montana,MT,5077840
551,Kalispell Flathead E,48.202499,-114.305557,Montana,MT,
8828,Billings,45.806357,-108.426551,Montana,MT,25745
435,Birney,45.366151,-106.48982,Montana,MT,754
397,Thompson Falls,47.594395,-115.323746,Montana,MT,25918
7028,Unit153,46.926884,-114.096161,Montana,MT,20371
309893,Blair,41.550658,-96.146622,Nebraska,NE,1757835
1079,2912 Coffey,41.133317,-95.956078,Nebraska,NE,1932
8822,Sheldon Station,40.55476,-96.78035,Nebraska,NE,
1075,16th and Whitmore,41.322472,-95.937992,Nebraska,NE,
3102309,701 Florence Bld,41.26605,-95.94059,Nebraska,NE,
8572,Grand Island DOT,40.918333,-98.378889,Nebraska,NE,24908
1236011,BranchPattern Omaha,41.26213,-96.04016,Nebraska,NE,6530218
3911440,Brodine Acres,40.7586,-99.4102477,Nebraska,NE,14152615
8901,WWTP BAM,40.866225,-96.137447,Nebraska,NE,
5504,Davey,40.984969,-96.671425,Nebraska,NE,
3059749,BranchPattern Omaha,41.262318643758775,-96.04106007830252,Nebraska,NE,10587920
1340,Lauritzen Farm,40.873264,-96.183314,Nebraska,NE,
1127,77th and Dodge,41.259478,-96.034714,Nebraska,NE,
7834,SBHS,41.875556,-103.658056,Nebraska,NE,22717
3837,LLCHD BAM,40.812558,-96.675733,Nebraska,NE,8670
3102602,92nd and Berry,41.19805,-96.05655,Nebraska,NE,10885984
2915516,Santee Sioux - Envir,42.74749,-97.92823,Nebraska,NE,
270772,Homestead NHP,40.28506,-96.82431,Nebraska,NE,1562190
1257,LLCHD BAM,40.8125,-96.683098,Nebraska,NE,2256
8816,Santee Sioux,42.8292,-97.8541,Nebraska,NE,
1078,24th & O,41.208083,-95.947439,Nebraska,NE,
6131442,Winnebago Tribe 1,42.24286,-96.47593,Nebraska,NE,14642743
1123,46th and Farnam,41.257317,-95.983831,Nebraska,NE,
1878,NCORE,41.2474,-95.9731,Nebraska,NE,3325
2170,Davey,40.984699,-96.6772,Nebraska,NE,
4647547,Reno,39.4262594,-119.8091041,Nevada,NV,13261234
1420,Lemmon Valley,39.645,-119.842,Nevada,NV,
1022,Paul Meyer,36.106389,-115.253333,Nevada,NV,14020
2945077,Reno4 NCore Node A,39.52198,-119.79553,Nevada,NV,10141063
8569,Glen Oaks,36.193469,-116.007584,Nevada,NV,
344,Sunrise Acres,36.163962,-115.11393,Nevada,NV,3050
8768,Reno4,39.521918,-119.795444,Nevada,NV,25573
2096,Indian Springs,36.569444,-115.676667,Nevada,NV,
8676,Lemmon Valley,39.645288,-119.840051,Nevada,NV,
1450,Fallon,39.472471,-118.783624,Nevada,NV,
1124,Joe Neal,36.270592,-115.238282,Nevada,NV,14018
7712,Casino Center,36.174365,-115.13977,Nevada,NV,1323718
8588,Elko,40.838329,-115.766003,Nevada,NV,
7713,Indian Springs,36.569333,-115.676651,Nevada,NV,
1283,Apex,36.391008,-114.910877,Nevada,NV,
8677,Linda,36.349378,-116.03197,Nevada,NV,
3047760,"Reno, NV",39.42807,-119.73738,Nevada,NV,10498262
1434,Fernley,39.602739,-119.247853,Nevada,NV,
5853145,N. Rainbow,36.3125332,-115.242476,Nevada,NV,14166995
8632,Incline,39.250437,-119.956741,Nevada,NV,
2882893,Apex,36.404889,-114.87988,Nevada,NV,
2089,Incline,39.2517,-119.9564,Nevada,NV,
2142,Reno3,39.525082,-119.807716,Nevada,NV,3852
7710,Apex,36.39103,-114.907429,Nevada,NV,
2945076,Reno4 NCore Node C,39.52197,-119.79552,Nevada,NV,10141010
7902,Odiorne State Park,43.045269,-70.713958,New Hampshire,NH,
3071967,Laconia Main St,43.52496,-71.46633,New Hampshire,NH,10679711
5425854,Dover,43.1952515,-70.8740057,New Hampshire,NH,13855931
7888,Laconia,43.566122,-71.496335,New Hampshire,NH,25134
1276,Laconia,43.5653,-71.495796,New Hampshire,NH,
8672,Lebanon,43.629605,-72.309499,New Hampshire,NH,25157
7883,Mt. Washington base,44.308132,-71.217639,New Hampshire,NH,
4839209,"Londonderry, NH ",42.904989,-71.389024,New Hampshire,NH,13411746
2837927,"Thornton, NH",43.8850885643871,-71.61695480346681,New Hampshire,NH,9154900
2013,Nashua - Gilson Rd.,42.7019,-71.445,New Hampshire,NH,
1190,Keene,42.930599,-72.277802,New Hampshire,NH,2136
1841,Mt. Washington base,44.369999,-71.290001,New Hampshire,NH,
2504091,"Hillsboro, NH, USA",43.1033,-71.94112,New Hampshire,NH,7957461
2589415,Laconia Robbie Mills,43.56799,-71.49833,New Hampshire,NH,
1949,Concord,43.218601,-71.515297,New Hampshire,NH,
1556,Londonderry - Moose,42.862531,-71.38014,New Hampshire,NH,2748
939,SUMMIT,44.2783,-71.3025,New Hampshire,NH,
7887,Concord,43.21847,-71.514525,New Hampshire,NH,
472,Portsmouth,43.075371,-70.748017,New Hampshire,NH,814
8698,Miller State Park,42.86183,-71.878626,New Hampshire,NH,25254
8911,Woodstock,43.945,-71.7008,New Hampshire,NH,
6048,SUMMIT,44.270093,-71.303821,New Hampshire,NH,
1803,Miller State Park,42.8619,-71.8789,New Hampshire,NH,3189
7879,Nashua - Gilson Rd.,42.718653,-71.522416,New Hampshire,NH,
1028,Pembroke Exchange St,43.13246,-71.458246,New Hampshire,NH,
984,Leonia,40.870438,-73.991997,New Jersey,NJ,
5066205,"Hamilton Park, Jersey City",40.728854,-74.046405,New Jersey,NJ,13594427
5238263,Jersey City Newport ,40.7316458,-74.0320658,New Jersey,NJ,13719589
987,Rutgers University,40.462181,-74.429436,New Jersey,NJ,1783
1821,Monmouth University,40.277645,-74.005096,New Jersey,NJ,
4569917,West Clinton Avenue Tenafly New Jersey,40.92477,-73.97361,New Jersey,NJ,13193874
3305066,Downtown Montclair,40.81405,-74.21782,New Jersey,NJ,11571194
1404141,Atlantic City PM,39.36326,-74.431,New Jersey,NJ,6714229
2153518,Jersey City Heights,40.75065,-74.04252,New Jersey,NJ,"7763001, 7979399"
994,Millville,39.422272,-75.0252,New Jersey,NJ,1795
2386747,"Carteret, NJ",40.585,-74.238,New Jersey,NJ,7815388
2777770,,39.078637179292365,-74.82995832808099,New Jersey,NJ,8883921
1461244,Moorestown-Map,39.962521,-74.949837,New Jersey,NJ,6792531
924,Rahway PM,40.603943,-74.276176,New Jersey,NJ,1693
3103622,"Montclair, NJ",40.8476775,-74.2065738,New Jersey,NJ,10888589
962,Rider University,40.283092,-74.742645,New Jersey,NJ,1748
3106375,"Somerset, New Jersey",40.49536,-74.50512,New Jersey,NJ,10895019
1831,Chester,40.787628,-74.6763,New Jersey,NJ,7631564
928,Jersey City FH,40.725452,-74.052292,New Jersey,NJ,5077566
4901920,Cape May Court House Hospital,39.08689626828486,-74.8171864310104,New Jersey,NJ,14153025
925,Colliers Mills,40.064846,-74.444061,New Jersey,NJ,
921018,Trenton,40.222421,-74.763167,New Jersey,NJ,5077833
1236021,Madison NJ,40.758044,-74.417807,New Jersey,NJ,6530245
979,Columbia,40.92460599999999,-75.06782499999998,New Jersey,NJ,1771
229693,Toms River,39.994908,-74.170447,New Jersey,NJ,1322891
2790934,Smokers Angermuller/Alexandre Pollution,35.614874697811715,-106.09199788410042,New Mexico,NM,8913636
827,Jefferson,35.1441,-106.6044,New Mexico,NM,25073
1567,Hobbs Jefferson,32.7267,-103.1233,New Mexico,NM,24937
2812694,Health Council #3 East Central Ministries,35.07585,-106.55359,New Mexico,NM,8967111
2178,Del Norte,35.1353,-106.584702,New Mexico,NM,3920
1701,Taos Fire Station,36.3833,-105.5833,New Mexico,NM,3010
1272,La Union,31.9306,-106.6306,New Mexico,NM,
7746,WESTSIDE - 9 Mile,35.064098,-106.761292,New Mexico,NM,
8798,Carlsbad Caverns - B,32.1781,-104.4433,New Mexico,NM,
3325554,Community Sensor #2,35.01002,-106.66884,New Mexico,NM,11712602
4094813,AARO,31.9071636,-109.020966,New Mexico,NM,12821021
1644,Tramway,35.185,-106.5077,New Mexico,NM,2908
8905,West Mesa,32.11,-106.51,New Mexico,NM,
1883,Solano Drive,32.3169,-106.7669,New Mexico,NM,
2191,Desert View,31.7961,-106.5839,New Mexico,NM,3949
1985,Santa Fe Airport,35.6198,-106.0797,New Mexico,NM,3512
8884,7E Deming Airport,32.2558,-107.7228,New Mexico,NM,
2812746,"Health Equity Council #5, Le Jardin Verde",35.08316,-106.55457,New Mexico,NM,8966995
1757,Carlsbad,32.38,-104.2622,New Mexico,NM,
1076,Navajo Lake,36.8097,-107.6517,New Mexico,NM,
7111,MOBILE - SANTA ANA,35.338407,-106.524292,New Mexico,NM,20536
2812697,Health Equity Council #1 Wilson MS Wildcat Blooms Garden,35.07621,-106.59396,New Mexico,NM,8967177
6899,Unit328,35.671543,-105.955643,New Mexico,NM,19838
8708,North Valley,35.187801,-106.603897,New Mexico,NM,25309
1543,Bloomfield,36.7422,-107.9769,New Mexico,NM,
393,Middleport,43.2189,-78.4792,New York,NY,
2849982,Ocean roof 1 ,41.0042729,-73.9052784,New York,NY,9244029
387,Nicks Lake,43.6856,-74.9864,New York,NY,
3406357,"Bayside, NY 11361",40.76433675598798,-73.76633802306293,New York,NY,12212727
1545157,Stefany's,42.183894,-75.134748,New York,NY,6912304
625,Manhattan/IS143,40.8492,-73.9319,New York,NY,1097
624,Rochester,43.1461,-77.5481,New York,NY,1096
6110983,Remsenburg,40.807267,-72.707497,New York,NY,14491611
395,Piseco Lake,43.4556,-74.515,New York,NY,
636,Stillwater,43.0122,-73.6492,New York,NY,
3041962,Near Bay 50 St,40.5887458,-73.9838231,New York,NY,10454043
3336083,Old state and Brandywine,42.1281205,-75.8941032,New York,NY,11792491
381,Rockland Cty,41.182079,-74.028191,New York,NY,689
669,Millbrook,41.7856,-73.6947,New York,NY,
2453305,State Dept of Environmental Conservation,40.73742886695366,-73.82036241535091,New York,NY,7897339
2809483,,41.585393,-73.946154,New York,NY,8954490
8322,Buffalo Near-road,42.92111,-78.76611,New York,NY,24201
629,Loudonville,42.6769,-73.7556,New York,NY,
392,Babylon,40.7356,-73.4061,New York,NY,
2061137,"Rochester, NY - South Wedge",43.144927,-77.608147,New York,NY,7652795
646,Pinnacle State Park,42.0972,-77.2103,New York,NY,1127
628,Maspeth,40.7269,-73.8933,New York,NY,1103
3145068,56th St & Flushing [NYC Testbed Pilot],40.718,-73.91277,New York,NY,10986466
4809907,Slingerlands,42.6295254,-73.862771,New York,NY,14152905
1236005,"Larchmont, NY",40.940119,-73.7561704,New York,NY,6530200
228719,Eastern Band of Cher,35.498711,-83.310242,North Carolina,NC,1342225
7524,JAMESVIL,35.81066,-76.906249,North Carolina,NC,
2599501,Patternote Rd,35.581007682165485,-80.90851032043253,North Carolina,NC,8482941
1429,BUSHYFRK,36.306965,-79.09197,North Carolina,NC,
921021,Hattie Avenue,36.110933,-80.22441100000002,North Carolina,NC,5077904
5327,Skyland DRR,35.481861,-82.509861,North Carolina,NC,
1747,Candor FRO,35.2632,-79.8635,North Carolina,NC,3084
3954738,Painttown Casino Intersection,35.46903,-83.30587,North Carolina,NC,12679491
8249,BETHANY,36.308889,-79.859167,North Carolina,NC,
3933176,Downtown West Jefferson,36.405121,-81.4954582,North Carolina,NC,12662193
7029,Station 160 South,36.34174,-79.82173,North Carolina,NC,
2785627,"Oakdale, Charlotte, NC",35.2923222,-80.8844525,North Carolina,NC,8902049
2655,Southport DRR,33.942294,-78.019264,North Carolina,NC,
3954744,Paint Town,35.46636,-83.27879,North Carolina,NC,12679495
2223,ROCKWELL,35.551868,-80.395039,North Carolina,NC,22972
9439,Ramblewood Park,35.123954,-80.907577,North Carolina,NC,
1097,JOHNSTON,35.5,-78.4375,North Carolina,NC,5543
8280,PITTAGCT,35.641276,-77.360126,North Carolina,NC,28230
349,BNTCR,35.5,-82.6,North Carolina,NC,
2654,Spruce Pine,35.912487,-82.062082,North Carolina,NC,5547
10233,WNVLELSC,35.507224,-82.963625,North Carolina,NC,
2174591,Wake Forest,35.9717176,-78.4739162,North Carolina,NC,7788931
5328,Semora DRR,36.489943,-79.058523,North Carolina,NC,
1587,University Meadows,35.314158,-80.713469,North Carolina,NC,
3954741,New Kituwah Academy,35.50097,-83.3101,North Carolina,NC,12679490
1689,Theodore Roosevelt N,46.949699,-103.514397,North Dakota,ND,25917
2219,Dunn Center,47.320301,-102.526398,North Dakota,ND,4007
8668,Lake Ilo,47.342589,-102.645997,North Dakota,ND,25147
270738,Lostwood NWR,48.64189900000001,-102.402199,North Dakota,ND,1562131
270739,Beulah North,47.29860000000001,-101.7669,North Dakota,ND,1562112
270740,Bismarck Residential,46.825300000000006,-100.7681,North Dakota,ND,1562104
270741,Hannover,47.1858,-101.4281,North Dakota,ND,1562129
270742,RYDER,47.94086099999999,-101.57158300000002,North Dakota,ND,1562128
270743,TRNP-NU,47.60110000000001,-103.2642,North Dakota,ND,1562134
270744,Fargo NW,46.933601,-96.854698,North Dakota,ND,1562111
4843636,"Horace, ND",46.767943,-96.913186,North Dakota,ND,14152980
6095171,BNSF Grand Forks ND,47.9172,-97.05374,North Dakota,ND,14375484
6096201,BNSF Minot/Gavin Yard ND,48.23809,-101.19637,North Dakota,ND,14383017
856,Alliance,40.931398,-81.123519,Ohio,OH,
1947,Smoky Row Near Road,40.11109,-83.065376,Ohio,OH,25560
4832644,"9140 Flintwood Drive, Harrison, OH 45030",39.24399133213455,-84.76773885701058,Ohio,OH,13402876
8034,Reynoldsburg,39.954475,-82.758875,Ohio,OH,
5027325,Norwood,39.162975,-84.454018,Ohio,OH,14153145
2173,Sinclair,39.758235,-84.197375,Ohio,OH,3909
598,Youngstown - Laird A,41.231167,-80.801914,Ohio,OH,1052
4299529,Seven Hills Ohio,41.3888,-81.6908,Ohio,OH,12962617
268985,Carthage,39.194331,-84.478974,Ohio,OH,1553571
1535910,Jackson Pike WWTP,39.91251,-83.01159,Ohio,OH,6898882
8009,Laird Eng Bldg,41.23172,-80.80116,Ohio,OH,23236
1794325,Gifford,39.442165,-81.908827,Ohio,OH,7350240
1787,Mentor,41.6669,-81.338781,Ohio,OH,
2227,Eastlake,41.673006,-81.422455,Ohio,OH,
1797,Middletown Airport,39.529481,-84.393364,Ohio,OH,
1295,Lake Rockwell,41.182466,-81.330486,Ohio,OH,
1213,Kinsman,41.454235,-80.591036,Ohio,OH,
1351,Yellow Springs,39.80834,-83.88711,Ohio,OH,2425
568,Quaker City,39.9428,-81.3373,Ohio,OH,
1493,Batavia,39.0828,-84.1441,Ohio,OH,2640
3039086,Chippewa,41.06268611,-81.9195111,Ohio,OH,10432364
1051,Pomeroy,39.038502,-82.045601,Ohio,OH,
268,Oxford,39.5327,-84.7286,Ohio,OH,
2584325,RAPS,41.62057,-83.64226,Ohio,OH,8449351
735,Berea BOE,41.36189,-81.864608,Ohio,OH,
1628,Tulsa 0235,36.126945,-95.99894,Oklahoma,OK,
2274,PRYOR,36.228298,-95.25,Oklahoma,OK,
1630,Tulsa,36.20669900000001,-95.976402,Oklahoma,OK,2874
1849,Muskogee,35.792801,-95.301903,Oklahoma,OK,
2126,OKC,35.4772,-97.4943,Oklahoma,OK,
1852,Choctaw,35.4778,-97.3022,Oklahoma,OK,
1766,McAlester,34.906082,-95.794128,Oklahoma,OK,3116
1834,Moore,35.32,-97.4883,Oklahoma,OK,3245
212,ROLAND,35.408138,-94.524414,Oklahoma,OK,3995
1724,TAHLEQUAH,35.854198,-94.986099,Oklahoma,OK,
1323,Yukon,35.4794,-97.7508,Oklahoma,OK,
6090697,73112 - WBI,35.531501,-97.555752,Oklahoma,OK,14342778
6143,Mobile-Wyandotte,36.804669,-94.725024,Oklahoma,OK,17467
7321,Union,36.918242,-95.632127,Oklahoma,OK,21127
1894,Skiatook,36.35586,-96.01243,Oklahoma,OK,
1440,Weatherford,35.56028,-98.68349,Oklahoma,OK,
1454,Walters,34.346901,-98.307503,Oklahoma,OK,
2078,North OKC,35.612801,-97.47219800000002,Oklahoma,OK,3712
1786,Miami,36.922222,-94.83889,Oklahoma,OK,3172
221303,Great Plains,34.745832,-98.967698,Oklahoma,OK,
8655,Kremlin,36.512293,-97.845627,Oklahoma,OK,
1591,Lynn Lane,36.1336,-95.7636,Oklahoma,OK,
1663,Tishomingo,34.198875,-96.67308,Oklahoma,OK,
3541,Bradley,34.87696,-97.70748,Oklahoma,OK,
225695,Kessler,34.984686,-97.522753,Oklahoma,OK,
1677,Hermiston - Municipa,45.828968,-119.262991,Oregon,OR,24932
3873856,Portland Lincoln Hig,45.518136,-122.688399,Oregon,OR,12614084
3402685,Airscape Fans Inc.,42.34943408469165,-122.89722370115796,Oregon,OR,12188254
952,Burns - Washington S,43.58925,-119.048302,Oregon,OR,1735
6093276,Beaverton,45.476881,-122.840767,Oregon,OR,14361845
8660,La Grande Hall & N S,45.3235,-118.0778,Oregon,OR,25128
8696,Medford Welch & Jack,42.33155,-122.880266,Oregon,OR,25247
8680,Lyons,44.778743,-122.617048,Oregon,OR,25198
4545507,Gladstone High Schoo,45.38543,-122.59656,Oregon,OR,13175184
30818,Hillsboro - Hare Fie,45.528501,-122.972398,Oregon,OR,6222436
2068,Eugene - Highway 99,44.067223,-123.14135,Oregon,OR,3683
1981,Cottage Grove City S,43.7995,-123.0535,Oregon,OR,3503
7506,CTCLUSI Radar Hill-O,43.381943,-124.263885,Oregon,OR,5079443
53109,Springfield City Hal,44.046683,-123.017736,Oregon,OR,5087784
1298,Lakeview - Center &,42.189215,-120.353969,Oregon,OR,2325
4258965,Crestview Place,45.46829036142139,-122.80194653318776,Oregon,OR,14152715
3330117,North St John's Backyard ,45.600253,-122.765946,Oregon,OR,11747291
8563,Forest Grove Pacific,45.52483,-123.10554,Oregon,OR,24870
3009548, Burns - Washington St. Collocation 1,43.58925,-119.04872,Oregon,OR,10210134
6122001,Clinton Park,45.5034,-122.6021,Oregon,OR,14572367
221850,Portland Lane Middle,45.47142,-122.60147,Oregon,OR,1289154
270705,Sunriver Three River,43.868956,-121.434248,Oregon,OR,1561943
2846878,SW Barnes Road in east Washington County Oregon,45.50915728020806,-122.76438018107751,Oregon,OR,9221039
3000510,Klamath Falls - Peterson School Collocation 2,42.18961,-121.73142,Oregon,OR,10142574
2999793,Medford Jackson Park Collocation 1,42.33237,-122.88905,Oregon,OR,10141092
5249046,2922 S Broad St,39.91351,-75.1721,Pennsylvania,PA,13727295
3050063,"West Goshen, PA",39.95932074588951,-75.57059112037254,Pennsylvania,PA,10515081
26175,Upper Lawrenceville,40.478412,-79.957016,Pennsylvania,PA,41950
1417,Bristol,40.107201,-74.882202,Pennsylvania,PA,
394208,Fort McIntosh,40.691857,-80.299211,Pennsylvania,PA,2203610
5297883,Lawrenceville PA,40.467917262710216,-79.95878281081548,Pennsylvania,PA,14153348
26116,Clairton Center,40.29113,-79.888398,Pennsylvania,PA,
1882,NEA,40.0767,-75.0108,Pennsylvania,PA,
26144,Mt Lebanon,40.38178,-80.04922,Pennsylvania,PA,41671
1674,Moshannon,41.1175,-78.5261,Pennsylvania,PA,
1338,Lawrenceville,40.4656,-79.9611,Pennsylvania,PA,2408
26121,Edgewood,40.4351,-79.87753,Pennsylvania,PA,41464
26158,Rankin,40.416139,-79.880164,Pennsylvania,PA,41797
6122628,Near Baldi Medium School,40.09379,-75.05193,Pennsylvania,PA,14577014
5249066,S Front St,39.91297,-75.15015,Pennsylvania,PA,13727282
6050361,4911 Linden Ave,40.04808,-74.99691,Pennsylvania,PA,14312755
1961,Norristown,40.1122,-75.3092,Pennsylvania,PA,16019
5249079,9965 Northeast Ave,40.10149,-75.02713,Pennsylvania,PA,13727285
5249053,NRG Station,39.90529,-75.17335,Pennsylvania,PA,13727315
5249078,AMS FAB SITE,39.96009,-75.14268,Pennsylvania,PA,13727296
2040,New Castle,40.9958,-80.3467,Pennsylvania,PA,
6122625,6298 Eastwick Ave,39.91994,-75.2226,Pennsylvania,PA,14577017
1444,Farrell,41.215,-80.485,Pennsylvania,PA,2566
26099,ACHD North Braddock,40.40241,-79.86086,Pennsylvania,PA,41264
2924888,South Philly,39.9374,-75.163134,Pennsylvania,PA,9785136
391,Near Road,41.829495,-71.417457,Rhode Island,RI,682
461,Providence,41.8081,-71.415,Rhode Island,RI,797
499,W Greenwich,41.615,-71.7197,Rhode Island,RI,873
557,E Providence,41.840302,-71.361702,Rhode Island,RI,974
2021,Near Road,41.771987,-71.427881,Rhode Island,RI,1881914
5375,"Brown University, Ro",41.825556,-71.405278,Rhode Island,RI,
7869,East Matunuck,41.377451,-71.524852,Rhode Island,RI,
8815,CCRI Providence,41.807523,-71.41392,Rhode Island,RI,25713
921149,Near Road,41.76988,-71.428489,Rhode Island,RI,5079740
1118072,Vernon Street,41.874683,-71.379936,Rhode Island,RI,6359299
2117520,Middle road ,41.644454,-71.502277,Rhode Island,RI,7718162
2812619,Seastreak,41.81566,-71.39906,Rhode Island,RI,8967253
3028239,Pettaquamscutt Cove,41.446105429554045,-71.45427234028364,Rhode Island,RI,10350524
4465471,"Greenville, RI, USA",41.87472,-71.543006,Rhode Island,RI,13097577
5639689,Providence West End,41.814128,-71.434006,Rhode Island,RI,14153653
5905180,Wanskuck,41.855919,-71.429797,Rhode Island,RI,14206407
1832,Chesterfield,34.615299,-80.198898,South Carolina,SC,3242
3406633,FM,35.058871,-80.944222,South Carolina,SC,14152365
1339,York,34.9356,-81.228302,South Carolina,SC,
1082,Irmo,34.051102,-81.154999,South Carolina,SC,1937
954,Trenton,33.7397,-81.8536,South Carolina,SC,1740
304623,North Charleston F.S,32.84,-79.96,South Carolina,SC,1730155
1027,Pee Dee,34.285599,-79.744698,South Carolina,SC,
4233639,Oakland West Ashley Charleston,32.785953,-80.032807,South Carolina,SC,12909850
1117,Jenkins Avenue,32.88229,-79.977539,South Carolina,SC,
1099,Jackson,33.342201,-81.788597,South Carolina,SC,
1494,Bates House,33.991509,-81.024141,South Carolina,SC,
1602,Bushy Park,32.987202,-79.936699,South Carolina,SC,
1776,Cayce City Hall,33.969145,-81.06629,South Carolina,SC,
2087,North Spartanburg FS,34.988602,-82.0756,South Carolina,SC,
8897,York Landfill,34.977,-81.207,South Carolina,SC,
8791,SPA-Irving St.,32.836602,-79.956983,South Carolina,SC,25635
269248,Catawba Longhouse,34.9127,-80.8745,South Carolina,SC,
1565,Long Creek,34.805,-83.237503,South Carolina,SC,2757
1141,Howard #3,33.368916,-79.296617,South Carolina,SC,
2472316,Wild Wing,33.79511,-78.98493,South Carolina,SC,7917920
1753,Cape Romain,32.941002,-79.656998,South Carolina,SC,3099
881,Greenville-ESC,34.843899,-82.414597,South Carolina,SC,2079
7507,Catawba Indian Natio,34.91263,-80.874283,South Carolina,SC,21753
3151531,"Simpsonville, SC",34.777781,-82.2121,South Carolina,SC,11001996
4741871,Anderson,34.5520008,-82.7295794,South Carolina,SC,13332021
809,Black Hawk,44.155636,-103.315765,South Dakota,SD,
813,Badlands,43.746944000000006,-101.941109,South Dakota,SD,1428
814,Credit Union,44.087397,-103.273777,South Dakota,SD,1432
818,WIND CAVE,43.557613,-103.483658,South Dakota,SD,1438
821,Sioux Falls,43.54792,-96.700768,South Dakota,SD,1450
822,Watertown,44.89965,-97.128802,South Dakota,SD,1456
823,Research Farm,44.348604,-96.807299,South Dakota,SD,1462
1037,Pierre,44.373786,-100.287269,South Dakota,SD,1867
7290,Aberdeen,45.468596,-98.494061,South Dakota,SD,21001
223314,SF-USD,43.59901,-96.78331,South Dakota,SD,1294987
353973,Vermillion,42.789453,-96.903867,South Dakota,SD,2017881
2936423,84fce606f6a0,44.06167,-103.25194,South Dakota,SD,9856481
5845525,Big House,43.5350724,-96.8185092,South Dakota,SD,14161257
771,EASTKNOX,36.085,-83.7644,Tennessee,TN,
5382,Look Rock - GSMNP,35.63346,-83.94158,Tennessee,TN,13988
8578,Harriman,35.9386,-84.5439,Tennessee,TN,24926
8651,Kingsport,36.5408,-82.5217,Tennessee,TN,25095
8636,Jackson,35.705338,-88.81959,Tennessee,TN,25070
3018102,MAA Dexter Lake,35.166678,-89.795788,Tennessee,TN,10274034
339909,Rule,35.97773,-83.9504,Tennessee,TN,1939052
8682,MARYVILL,35.7683,-83.9422,Tennessee,TN,5077604
404,Soddy Daisy,35.14,-85.1697,Tennessee,TN,
2076,SHELBY FARMS,35.151588,-89.85022,Tennessee,TN,3698
637,ATHENS,35.4511,-84.5992,Tennessee,TN,1113
8593,Eastman Ross N Robin,36.532616,-82.516303,Tennessee,TN,
5158566,Clarksville Node-S/Ozone Module,36.61142,-87.38457,Tennessee,TN,13661028
3438,Clarksville,36.51282,-87.331,Tennessee,TN,7676
405,Eastside,35.1028,-85.1622,Tennessee,TN,
921000,3A-PM2.5,35.102573,-85.162196,Tennessee,TN,5077570
8840,Skyland Drive,36.52102,-82.516306,Tennessee,TN,
434,Edgar Evins,36.0388,-85.7331,Tennessee,TN,
1236064,"Spring Hill, TN",35.77541072346105,-86.90553909365659,Tennessee,TN,6530319
32810,Loretto,35.116866,-87.419726,Tennessee,TN,1330154
773,SPRINGHILL,36.0183,-83.8761,Tennessee,TN,1309443
4383862,Erwin TN near YMCA,36.1400048,-82.4117531,Tennessee,TN,13031790
8841,BVILLE,36.5408,-82.4258,Tennessee,TN,
921022,Siskin Dr,35.051006,-85.292867,Tennessee,TN,5077911
5595031,loudonodor,35.6641854,-84.5407552,Tennessee,TN,13982321
1038,Pilot Point C1032,33.4107,-96.9437,Texas,TX,
1813,Mission C43,26.226226,-98.29107,Texas,TX,3212
1314,Austin North Hills D,30.3542,-97.760002,Texas,TX,5077679
3295380,Caprock,33.54655,-101.87481,Texas,TX,11498851
1515,Victoria C87,28.8358,-97.0056,Texas,TX,
2812668,Avondale Promenade Park,29.74472,-95.38695,Texas,TX,8967469
61736,"Houston, TX",29.7742,-95.3802,Texas,TX,
61737,"Houston, TX",29.697778,-95.501607,Texas,TX,
2844343,ACTS006.3,29.76431,-95.2706,Texas,TX,9201801
3295371,Chatman Hill 03,33.57631,-101.83495,Texas,TX,11498875
166,UH Moody Tower C695,29.7176,-95.3414,Texas,TX,
3295377,Texas Tech 01,33.58672,-101.87543,Texas,TX,11498850
1518279,NHFWA,30.68753243202852,-97.76285310859186,Texas,TX,6874405
3656153,Southside Rd.,31.67918,-106.32746,Texas,TX,12436363
339,Waco C1037,31.6531,-97.0706,Texas,TX,582
1741,Camp Bullis C58,29.6322,-98.565002,Texas,TX,
318,Texarkana New Boston,33.435489,-94.075671,Texas,TX,534
3295350,Texas Tech 02,33.58672,-101.87543,Texas,TX,11498876
3754357,Avondale Promenade Park,29.74477,-95.38697,Texas,TX,12516879
2159,Dallas North C63,32.919206,-96.808498,Texas,TX,
61723,"Houston, TX",29.73022,-95.294267,Texas,TX,
3295354,Guadalupe 03,33.59739,-101.85051,Texas,TX,11498871
367408,Corpus Christi Huisa,27.8042,-97.4314,Texas,TX,2071337
3295359,Arnett Benson,33.60906,-101.87966,Texas,TX,11498878
7695,Bastrop C1612,30.108222,-97.293741,Texas,TX,
6426,NR,40.66284100000001,-111.901796,Utah,UT,5077829
1522,Vernal #4,40.464722,-109.56082999999998,Utah,UT,2681
4610413,Roosevelt Collocation 2,40.29416,-110.00897,Utah,UT,13232094
209,Tooele,40.539299,-112.299797,Utah,UT,352
5227,Portage,41.94595,-112.233179,Utah,UT,13532
4610412,Vernal Collocation 3,40.46484,-109.56076,Utah,UT,13232100
5340478,Monument Valley,37.0005745,-110.1806064,Utah,UT,13795118
5997557,N. Logan,41.7677055,-111.8040756,Utah,UT,14274454
1853,Myton,40.2169,-110.182297,Utah,UT,
1867,Spanish Fork,40.136398,-111.660202,Utah,UT,25846
875165,Moab #7,38.566055,-109.537167,Utah,UT,4800118
2153,Redwash,40.204433,-109.35321,Utah,UT,
4610417,Vernal Collocation 1,40.46488,-109.56073,Utah,UT,13232093
2168,Erda,40.600556,-112.355,Utah,UT,3897
228304,Utah Tech. Center,40.7771,-111.94499999999996,Utah,UT,1315805
3400925,Daybreak Brookside,40.56100017416382,-112.00834802937696,Utah,UT,12178224
8585,Enoch,37.747445,-113.05552400000002,Utah,UT,24944
8758,Copper View,40.59805599999999,-111.894167,Utah,UT,25535
3081766,Overkill AQI Lab,40.61916974171402,-111.88812509179115,Utah,UT,10753835
721,Brigham City,41.492802,-112.0187,Utah,UT,1248
2206,Dinosaur National Mo,40.4372,-109.3047,Utah,UT,
4610411,Vernal Collocation 2,40.46488,-109.56074,Utah,UT,13232101
1236049,Glendale,40.748998,-111.934125,Utah,UT,6530268
4923659,Pelican Lake ,40.18694,-109.70667,Utah,UT,13483736
221401,BV,40.897999,-111.885498,Utah,UT,1287320
880,Rutland,43.60852799999999,-72.98246,Vermont,VT,3977
1514,Bennington,42.887501,-73.249702,Vermont,VT,2672
1590,Underhill,44.528389,-72.868973,Vermont,VT,2801
1599,Burlington,44.476101,-73.210297,Vermont,VT,2816
2993453,"Randolph, VT",43.9046365,-72.6246165,Vermont,VT,10116371
3331021,"Sunderland, VT",43.09234,-73.12354,Vermont,VT,11754108
5465229,Middlesex McCullough Hill Rd.,44.30287752310684,-72.64612091907156,Vermont,VT,14153473
5582751,"Westminster, VT",43.1057,-72.511,Vermont,VT,14153553
5603145,"Fairlee, VT",43.945117,-72.199938,Vermont,VT,13988440
5914227,West Ridge,43.1174,-72.9216,Vermont,VT,14212679
1230,AURORA HILLS,38.8577,-77.05922,Virginia,VA,
3400945,Westhill,37.20653,-80.47885,Virginia,VA,12178296
5077095,"Broadlands, VA",39.0198086,-77.4729112,Virginia,VA,14153178
2672558,Hurt VA,37.099944,-79.293361,Virginia,VA,8650454
8826,Blue Grass Trail,37.3232,-80.4572,Virginia,VA,
1105,HOLLAND,36.66525,-76.73078,Virginia,VA,
1430,BUTLER MANUF. CO NEA,39.282799,-78.081398,Virginia,VA,2551
494922,Tidewater Regional O,36.84188,-76.18123,Virginia,VA,2773091
5143423,Airport Acres,38.1396337139003,-78.43656133133973,Virginia,VA,13650012
1120,HAMPTON - NASA,37.10372999999999,-76.38702,Virginia,VA,2009
6052971,"Falls Church, VA",38.912763,-77.200733,Virginia,VA,14314556
1119,HANOVER,37.60613,-77.2188,Virginia,VA,
5822620,Cobb Rd,38.695,-77.459,Virginia,VA,14153776
1847427,Oaks Ln,38.29820973526025,-78.34809163685118,Virginia,VA,7414504
1457720,Juglan Ct,38.8563327,-77.4187855,Virginia,VA,6786890
5710565,Westerley,39.020983,-77.381558,Virginia,VA,14065236
1173,ASHBURN,39.02473,-77.48925,Virginia,VA,7476966
494923,Northern VA Near Roa,38.7684,-77.18347,Virginia,VA,2773092
565,Prince Edward,37.17,-78.31,Virginia,VA,
2119,Rockingham,38.47753,-78.81952,Virginia,VA,7414207
1850819,MMFS10659,37.78211,-79.4524,Virginia,VA,7418735
1466,WIDEWATER,38.48123,-77.3704,Virginia,VA,
358,Albemarle HS,38.07657,-78.50397,Virginia,VA,611
1672,CORBIN,38.20087,-77.37742,Virginia,VA,
317307,Richmond City Near R,37.59088,-77.46925,Virginia,VA,1800978
3294512,"Maple Leaf, Seattle, WA",47.693,-122.309,Washington,WA,11492760
4327235,Seattle Duwamish #1,47.559923,-122.338275,Washington,WA,12985632
1708,Tacoma-Alexander Ave,47.2656,-122.3858,Washington,WA,5077786
1235989,S Lane St,47.596,-122.309,Washington,WA,6530158
4339399,SeaTac-Sunset Park,47.4785,-122.3111,Washington,WA,12995270
8765,Raymond-4th St,46.68822,-123.73176,Washington,WA,25561
1860,Spokane-N Monroe St,47.6997,-117.4263,Washington,WA,3282
7829,Cle Elum_Mobile,47.670718,-117.273045,Washington,WA,22708
1477474,Entiat Mobile,47.67565,-120.20941,Washington,WA,6819173
1375101,"Seahurst, WA - 152nd St",47.46700708127353,-122.3666540159397,Washington,WA,6673932
2852032,Seattle-16th Ave S,47.58049,-122.3118,Washington,WA,9259305
5804,Airway Heights-West,47.645351,-117.589027,Washington,WA,15770
3079281,"Lake Quinault Fisheries (Amanda Park, WA)",47.4561,-123.87039,Washington,WA,10735028
1527,Vancouver-Blairmont,45.6166,-122.516602,Washington,WA,2020110
3064502,Lake Boren,47.5329005,-122.1659303,Washington,WA,10623665
6128329,Sackett Swamp,47.8316391451609,-122.1067758542036,Washington,WA,14619650
2148610,Spokane-E Sprague Av,47.65709,-117.3678,Washington,WA,7757520
5091,Mobile_Newport,48.186539,-117.049026,Washington,WA,13117
6367,Cle Elum_Mobile,47.197727,-120.957928,Washington,WA,17825
1358,Yacolt-Yacolt Rd,45.863899,-122.410889,Washington,WA,2435
3085966,MT Co-op,47.62032376467432,-122.33484392410698,Washington,WA,"10786166, 10786491"
4833613,MT-Co-op,47.62332,-122.3275301,Washington,WA,13403723
3281564,Chain Lake Road,47.894554,-121.969306,Washington,WA,11395975
5789,M_Okanogan2,48.374739,-119.568756,Washington,WA,15721
2858700,Moxee�E Seattle Ave,46.55108,-120.38185,Washington,WA,9309181
436,Parsons,39.0905,-79.6617,West Virginia,WV,
545,Cedar Creek,38.8795,-80.8477,West Virginia,WV,
1087,HUNTINGTON,38.425301,-82.425301,West Virginia,WV,
1221,GREENBRIER COUNTY,37.9081,-80.632797,West Virginia,WV,
1468,WHEELING,40.1147,-80.700798,West Virginia,WV,
1470,WEIRTON,40.42735,-80.59253,West Virginia,WV,7626701
1553,VIENNA,39.325001,-81.5522,West Virginia,WV,
1613,MARTINSBURG,39.465599,-77.958298,West Virginia,WV,
1650,CHARLESTON,38.346258,-81.621161,West Virginia,WV,24589
1673,MORGANTOWN,39.648899,-79.921097,West Virginia,WV,
1676,MOUNDSVILLE,39.9158,-80.7342,West Virginia,WV,2967
1746,Steubenville,40.366452,-80.615691,West Virginia,WV,5077783
5741,Horse Rock,39.4452,-79.0691,West Virginia,WV,
6911,HUNTINGTON,38.243663,-82.255676,West Virginia,WV,
7076,WEIRTON,40.46012,-80.57678,West Virginia,WV,
8375,HUNTINGTON,38.410242,-82.432436,West Virginia,WV,7626702
2040115,"MARLAND HTS, WEIRTON",40.39458,-80.61202,West Virginia,WV,7626703
1890,Newport,45.2378,-86.9936,Wisconsin,WI,
1223,Green Bay East High,44.5167,-87.9939,Wisconsin,WI,2192
4851481,Wind Point,42.7857,-87.772,Wisconsin,WI,13419417
7924,Madison University A,43.07378,-89.43595,Wisconsin,WI,22960
1202,Kenosha-Water Tower,42.596,-87.886,Wisconsin,WI,
1921,Sheboygan-Haven,43.81523,-87.79194,Wisconsin,WI,
5544992,willy x ingersoll,43.0812734,-89.3663231,Wisconsin,WI,13945529
5479249,5 Prescott Cir,43.0094487,-89.4885025,Wisconsin,WI,13896448
2222,Eau Claire,44.76139800000001,-91.413002,Wisconsin,WI,4010
6129748,Meadowood,43.030402351700275,-89.48115406743091,Wisconsin,WI,14630187
1163,Appleton AAL,44.3069,-88.3956,Wisconsin,WI,2091
5399167,Oakwood Ln Viroqua,43.541013,-90.865828,Wisconsin,WI,14153413
1222,Green Bay UW,44.53,-87.9089,Wisconsin,WI,
1805,Milwaukee College Av,42.930569,-87.932106,Wisconsin,WI,3194
4313199,Ho-Chunk Nation-Toma,44.02086,-90.40161,Wisconsin,WI,12973776
242,Potawatomi,45.5639,-88.81,Wisconsin,WI,4091
5317351,"Brookfield, Wi",43.085835,-88.111866,Wisconsin,WI,13777985
1228,Grafton,43.3431,-87.9208,Wisconsin,WI,
5285047,Near 53 and CTY T,44.035889,-91.283371,Wisconsin,WI,14153343
1241,LAKE GENEVA,42.58,-88.4992,Wisconsin,WI,
1240,Lake Dubay,44.7072,-89.7697,Wisconsin,WI,7570439
3684117,Oak Home,43.0819346,-89.4930447,Wisconsin,WI,14152520
1638,Milwaukee 16th Stree,43.0178,-87.9333,Wisconsin,WI,5077700
1336,Bad River Tribal Sch,46.6144,-90.6986,Wisconsin,WI,20303
8646,Kaukauna,44.2893,-88.25219,Wisconsin,WI,
586,Moxa Arch,41.750599,-109.78970300000002,Wyoming,WY,
10363,Wamsutter,41.6778,-108.0242,Wyoming,WY,
8114,Yellowstone- Old Fai,44.373056,-110.830833,Wyoming,WY,5077757
9691,Johnson County,43.87483,-106.50974,Wyoming,WY,
7805,PRB-Belle Ayr,44.09707,-105.343,Wyoming,WY,22661
350,Daniel South,42.7914,-110.0547,Wyoming,WY,
9669,South Pass,42.5275,-108.7203,Wyoming,WY,29933
9611,Seedskadee,41.905004,-109.849956,Wyoming,WY,
226890,Laramie I-80 Mobile,41.324166,-105.614888,Wyoming,WY,1310747
7048,Cody Mobile,44.52612,-109.016733,Wyoming,WY,20427
221664,Jackson SLAMS,43.457764,-110.797994,Wyoming,WY,1288382
9456,Riverton SLAMS,43.02421,-108.3637,Wyoming,WY,28855
9693,James Town Mobile,41.55643,-109.53044,Wyoming,WY,30073
539,Pinedale,42.9288,-109.788,Wyoming,WY,
2633,Torrington Mobile,42.06,-104.17,Wyoming,WY,5498
712,Sheridan PD,44.815142,-106.955933,Wyoming,WY,1561898
1139,Juel Spring,42.373001,-109.563004,Wyoming,WY,
279885,Cody SLAMS,44.524642,-109.068507,Wyoming,WY,1591531
5768,Campbell County,44.147202,-105.530296,Wyoming,WY,
235239,Thermopolis Mobile B,43.627929,-108.218095,Wyoming,WY,1352738
1369,Fort Laramie Nationa,42.209167,-104.548611,Wyoming,WY,2456
7045,Jackson Mobile,43.48256,-110.745261,Wyoming,WY,20416
5842025,Wright Mobile,43.75157000000001,-105.49308,Wyoming,WY,14168665
2959755,Rock Springs Mobile,41.58885,-109.23784,Wyoming,WY,9991917
544,Centennial,41.3642,-106.2399,Wyoming,WY,
